BusinessEntityID,Title,FullName,rowguid,ModifiedDate
1,NULL,Ken J Sánchez,92C4279F-1207-48A3-8448-4636514EB7E2,2009-01-07 00:00:00.000
2,NULL,Terri Lee Duffy,D8763459-8AA8-47CC-AFF7-C9079AF79033,2008-01-24 00:00:00.000
3,NULL,Roberto  Tamburello,E1A2555E-0828-434B-A33B-6F38136A37DE,2007-11-04 00:00:00.000
4,NULL,Rob  Walters,F2D7CE06-38B3-4357-805B-F4B6B71C01FF,2007-11-28 00:00:00.000
5,Ms.,Gail A Erickson,F3A3F6B4-AE3B-430C-A754-9F2231BA6FEF,2007-12-30 00:00:00.000
6,Mr.,Jossef H Goldberg,0DEA28FD-EFFE-482A-AFD3-B7E8F199D56F,2013-12-16 00:00:00.000
7,NULL,Dylan A Miller,C45E8AB8-01BE-4B76-B215-820C8368181A,2009-02-01 00:00:00.000
8,NULL,Diane L Margheim,A948E590-4A56-45A9-BC9A-160A1CC9D990,2008-12-22 00:00:00.000
9,NULL,Gigi N Matthew,5FC28C0E-6D36-4252-9846-05CAA0B1F6C5,2009-01-09 00:00:00.000
10,NULL,Michael  Raheem,CA2C740E-75B2-420C-9D4B-E3CBC6609604,2009-04-26 00:00:00.000
11,NULL,Ovidiu V Cracium,D2CC2577-EF6B-4408-BD8C-747337FE5645,2010-11-28 00:00:00.000
12,NULL,Thierry B D'Hers,FA263C7F-600D-4E89-8DCD-0978F3530F5F,2007-12-04 00:00:00.000
13,Ms.,Janice M Galvin,34EB99E0-7042-4DC1-A2FD-BDA290FF0E07,2010-12-16 00:00:00.000
14,NULL,Michael I Sullivan,9A7501DE-5CAF-4700-AB07-CC81102BB696,2010-12-23 00:00:00.000
15,NULL,Sharon B Salavaria,BEBA63CB-13F1-4B76-A3DE-FE9AC283A94C,2011-01-11 00:00:00.000
16,NULL,David M Bradley,2CC8BA72-5DBB-497F-B941-775517993638,2007-12-13 00:00:00.000
17,NULL,Kevin F Brown,9EE4713E-B3D8-4409-BC5E-DEC62497F43A,2007-01-19 00:00:00.000
18,NULL,John L Wood,FE21BDA7-9327-4D13-89CC-8CA5CEE8F21E,2011-01-31 00:00:00.000
19,NULL,Mary A Dempsey,36F04305-6769-4E61-9143-048B2B7AFA20,2011-02-07 00:00:00.000
20,NULL,Wanida M Benshoof,1E7E56F4-A583-4E3F-A3FE-BA8A71096D10,2010-12-31 00:00:00.000
21,NULL,Terry J Eminhizer,6A288FE0-D9CB-4DA2-BEEA-51370220490C,2009-02-23 00:00:00.000
22,NULL,Sariya E Harnpadoungsataya,276E0EB5-0CE7-443F-987F-B7EF293C0930,2008-12-05 00:00:00.000
23,NULL,Mary E Gibson,B10CF8EB-5589-4A81-B1BD-051C5759CE06,2009-01-05 00:00:00.000
24,Ms.,Jill A Williams,3F605060-96AD-4201-9BE2-BFE7A3C4E468,2009-01-11 00:00:00.000
25,NULL,James R Hamilton,423FE59B-7975-4A7E-B8D2-87105C286D4C,2009-01-27 00:00:00.000
26,NULL,Peter J Krebs,6F32F507-290E-4A96-A045-F445EAE4337F,2008-11-24 00:00:00.000
27,NULL,Jo A Brown,EDD8ADD6-F7FD-4086-BFDC-B4FD3E6AD8D7,2008-02-20 00:00:00.000
28,NULL,Guy R Gilbert,D366A33A-8EDE-42BD-BF79-3E7FB9713FE1,2006-06-23 00:00:00.000
29,NULL,Mark K McArthur,667FA3BA-B877-4BCC-A752-E461040E2DDD,2009-01-16 00:00:00.000
30,NULL,Britta L Simon,5090C9A8-E39E-4A4D-9133-14E7CF07998B,2009-01-22 00:00:00.000
31,NULL,Margie W Shoop,5EA8A3DA-7BEA-4ADC-85F5-C934E2033825,2008-12-28 00:00:00.000
32,NULL,Rebecca A Laszlo,686BD5AF-6F30-4633-944B-3C1916CB4CA2,2008-12-22 00:00:00.000
33,NULL,Annik O Stahl,BFA2BDC8-208A-447B-8A4E-72A215E9E134,2008-12-10 00:00:00.000
34,NULL,Suchitra O Mohan,7E239D8B-00BF-42D6-AC6B-4EA718DBC2B3,2009-02-09 00:00:00.000
35,NULL,Brandon G Heidepriem,4CC8EDC2-5502-4550-8089-9B3CC6006490,2009-02-01 00:00:00.000
36,NULL,Jose R Lugo,54655E98-B81A-4041-8FA4-9349C018521F,2009-02-03 00:00:00.000
37,NULL,Chris O Okelberry,5B16CA18-703B-48E8-AB3E-CA158C854808,2009-02-28 00:00:00.000
38,NULL,Kim B Abercrombie,9A2163B3-2F4D-4F9A-91BD-07D326140F9C,2010-01-09 00:00:00.000
39,NULL,Ed R Dudenhoefer,83C88383-9C3E-42C5-AE09-965B5F9EF5B1,2010-01-29 00:00:00.000
40,NULL,JoLynn M Dobney,E8E5C9DA-F808-4439-BF5C-B28236BB8467,2007-12-19 00:00:00.000
41,NULL,Bryan  Baker,A32E8274-08DC-4596-AB1F-BA6263CBC676,2009-01-14 00:00:00.000
42,NULL,James D Kramer,F4F040E0-02A0-4905-B964-2E894D0F0B94,2008-12-20 00:00:00.000
43,NULL,Nancy A Anderson,0681C8F9-D2EC-47D9-9BD4-751B14EAED50,2008-12-26 00:00:00.000
44,NULL,Simon D Rapier,FF8EDBFC-A9A3-4C5D-8AFF-DF4D6F18DAFF,2008-12-01 00:00:00.000
45,NULL,Thomas R Michaels,2CAF9ADC-7A33-48CF-B4B7-3C57D9DE39C4,2009-02-19 00:00:00.000
46,NULL,Eugene O Kogan,FB0068EA-49D4-4E82-9895-2680CF59385E,2009-02-01 00:00:00.000
47,NULL,Andrew R Hill,B6439F4F-E57D-4293-B0C8-8919591055A3,2009-02-15 00:00:00.000
48,NULL,Ruth Ann Ellerbrock,9BE35B50-2024-4785-9393-7C7AB8D9634D,2007-12-30 00:00:00.000
49,NULL,Barry K Johnson,CB28BE2E-DE93-4409-BACE-DF6042D04815,2013-11-29 00:00:00.000
50,NULL,Sidney M Higa,A20BB9F5-3BBB-4AB6-9BFA-6AED32C30204,2008-01-26 00:00:00.000
51,NULL,Jeffrey L Ford,293DF609-2FA3-4C00-A891-ACE08661FE70,2008-02-13 00:00:00.000
52,NULL,Doris M Hartwig,075AB67F-BFBD-4433-B33E-C65B2C045B6B,2014-01-31 00:00:00.000
53,NULL,Diane R Glimp,9EA27F41-36BB-4456-A506-2B87C416FB0C,2008-03-21 00:00:00.000
54,NULL,Bonnie N Kearney,AB066D28-404A-436E-A17A-789D7F2638D3,2009-12-25 00:00:00.000
55,NULL,Taylor R Maxwell,9F81714B-0C9C-43C3-8DF5-180CB0A42D40,2013-12-31 00:00:00.000
56,NULL,Denise H Smith,77F4AC33-E165-49D7-BC6A-F3C2DC069C9B,2009-01-29 00:00:00.000
57,NULL,Frank T Miller,05516FB2-586E-43F5-A87C-5E236F8DB8AD,2009-02-16 00:00:00.000
58,NULL,Kendall C Keil,CA8D648A-166B-4D61-9AE0-A0B1FFECFB1B,2008-11-28 00:00:00.000
59,NULL,Bob N Hohman,6384295C-C932-47C0-8E97-71D94F83CD31,2008-12-17 00:00:00.000
60,NULL,Pete C Male,0AEB5713-8BB0-4B8D-BF81-777158E5FF09,2009-01-04 00:00:00.000
61,NULL,Diane H Tibbott,E054FFC1-258C-4DA4-B2C1-40E155F4C88B,2009-01-11 00:00:00.000
62,NULL,John T Campbell,F5A4CC1B-AEFA-46CA-8888-2CA1C6D4034B,2014-02-07 00:00:00.000
63,NULL,Maciej W Dusza,611D56EB-C29D-4F90-A5C6-1B3B2D44E5F8,2010-01-22 00:00:00.000
64,NULL,Michael J Zwilling,DCC5AA7B-C09A-47A5-86A2-90D88191EBE6,2010-02-16 00:00:00.000
65,NULL,Randy T Reeves,D988D8E0-C335-4F4C-9ED9-199FEB7FD4A7,2010-02-16 00:00:00.000
66,NULL,Karan R Khanna,58C97993-7491-49EE-BFDD-CD80CE2C922A,2009-12-15 00:00:00.000
67,NULL,Jay G Adams,2FE289A7-CE57-49E5-BE61-3E6580D22EA6,2009-02-26 00:00:00.000
68,NULL,Charles B Fitzgerald,1E7CD457-A854-4D68-ACFB-3D752EEBD231,2009-11-26 00:00:00.000
69,NULL,Steve F Masters,85F55758-54C4-4048-ACBE-BD9515669122,2009-02-08 00:00:00.000
70,NULL,David J Ortiz,60245B9F-EABD-48CF-9FA9-C5DD48BCB3DF,2008-12-08 00:00:00.000
71,NULL,Michael Sean Ray,CA42A0B4-C068-4C75-A8A3-DE8953760927,2009-02-08 00:00:00.000
72,NULL,Steven T Selikoff,7455FEFF-9238-4C29-819F-A4DF6508C0F8,2008-11-24 00:00:00.000
73,NULL,Carole M Poland,4EE4FAF4-9C85-4022-B07F-956F1C5595D5,2008-12-12 00:00:00.000
74,NULL,Bjorn M Rettig,056617D9-E65F-41C7-98AF-9C14C4569652,2008-12-31 00:00:00.000
75,NULL,Michiko F Osada,670CE5A5-2B86-4AD7-AEF5-DF2AAAC4A6AB,2009-01-19 00:00:00.000
76,NULL,Carol M Philips,7AC771B3-347A-49FA-9298-487B02FA359D,2009-02-05 00:00:00.000
77,NULL,Merav A Netz,F9427582-FD1B-45DE-922D-2C2C58CEA0F7,2009-02-24 00:00:00.000
78,NULL,Reuben H D'sa,AEBEAA5B-D861-4703-A959-6D0F6F4CDF74,2008-12-08 00:00:00.000
79,NULL,Eric L Brown,D0EFAF3A-04DC-442F-9AA1-926C38105241,2010-01-17 00:00:00.000
80,NULL,Sandeep P Kaliyath,7E5B79F9-5B7A-41DC-850F-23B4764B5161,2010-01-10 00:00:00.000
81,NULL,Mihail U Frintu,1062CA88-998C-472C-8BD5-9F3D4BC4D2FB,2009-12-22 00:00:00.000
82,NULL,Jack T Creasey,ED8B39AF-5DA5-405F-8C38-A6C3AC25CA1B,2010-02-24 00:00:00.000
83,NULL,Patrick M Cook,F03E1512-0DC2-4329-8F21-6C5DBB9996F3,2010-02-05 00:00:00.000
84,NULL,Frank R Martinez,B66AB99E-691C-4CAC-B62D-579816800BFA,2010-01-29 00:00:00.000
85,NULL,Brian Richard Goldstein,61CE0232-4144-48AE-BA3B-1D509505F106,2009-12-04 00:00:00.000
86,NULL,Ryan L Cornelsen,0E3F7512-87A6-4C0D-9E02-30919A75BF60,2008-12-29 00:00:00.000
87,NULL,Cristian K Petculescu,45FE0378-ED23-4D24-A5F5-11B10B402980,2008-12-15 00:00:00.000
88,NULL,Betsy A Stadick,C214AB1E-A07E-4A62-9033-19DDE0DE1937,2009-12-11 00:00:00.000
89,NULL,Patrick C Wedge,CD334AC3-EE11-4999-BBA1-7F33DE161124,2010-01-25 00:00:00.000
90,NULL,Danielle C Tiedt,852A07EE-1D24-4810-8121-365DAB884C8D,2010-02-13 00:00:00.000
91,NULL,Kimberly B Zimmerman,67647D8C-C685-4704-81B7-AE1087CC2C6D,2010-01-05 00:00:00.000
92,NULL,Tom M Vande Velde,A36DA26B-29BA-4627-9731-134D65A53143,2010-03-03 00:00:00.000
93,NULL,Kok-Ho T Loh,3E4AE757-8C3E-47CC-BC20-528CCF271E3D,2008-12-20 00:00:00.000
94,NULL,Russell  Hunter,288EF549-203C-439C-A6B2-32FD822327FF,2008-12-05 00:00:00.000
95,NULL,Jim H Scardelis,A45F89BB-9748-41F8-9FAA-A5D76DF4B029,2008-12-12 00:00:00.000
96,NULL,Elizabeth I Keyser,CB9A2A0C-68E5-475B-9D6D-EBD548FE5B9C,2009-02-23 00:00:00.000
97,NULL,Mandar H Samant,907AE318-9FF7-4B56-B52B-5FDCA7BF8A62,2009-02-03 00:00:00.000
98,NULL,Sameer A Tejani,F19BE575-4A2E-413D-9BE9-0AF4B75C6FCD,2009-02-04 00:00:00.000
99,NULL,Nuan  Yu,938FCD64-E06D-453C-9E70-BFE41753557B,2008-12-30 00:00:00.000
100,NULL,Lolan B Song,DCD41870-A67B-4D7F-B874-92C6854E1D0D,2009-01-05 00:00:00.000
101,NULL,Houman N Pournasseh,14E39720-994D-42C0-A26D-7877BB264FF5,2009-01-18 00:00:00.000
102,NULL,Zheng W Mu,17D15AE1-FB50-4303-A509-24C6C553C17D,2008-11-26 00:00:00.000
103,NULL,Ebru N Ersan,64A9674E-9625-4EF2-8F4D-357390735C08,2009-11-29 00:00:00.000
104,NULL,Mary R Baker,9E450675-B7F1-47C1-BB64-95E998B57ED4,2009-12-18 00:00:00.000
105,NULL,Kevin M Homer,1D1C9D2A-EA15-409C-8E32-8F5C6F8F286A,2009-12-18 00:00:00.000
106,NULL,John T Kane,4C117C8F-07C6-4B4E-A7D0-B8AD58EED8AE,2010-02-20 00:00:00.000
107,NULL,Christopher E Hill,A066751C-B57F-4186-8219-6652AE1189B1,2010-02-01 00:00:00.000
108,NULL,Jinghao K Liu,DD35EB13-6D4F-4C82-B33C-D693090722B6,2008-12-01 00:00:00.000
109,NULL,Alice O Ciccu,B5836E66-4251-4D4D-8F49-8E6D9E3C9D64,2008-11-30 00:00:00.000
110,NULL,Jun T Cao,20BDFF3B-3561-482B-B02D-DA9B6183B6D9,2008-12-07 00:00:00.000
111,NULL,Suroor R Fatima,62C97C5B-5CAB-42C6-813D-C0C75BBBFD7B,2008-12-10 00:00:00.000
112,NULL,John P Evans,FCFA001C-D5BC-455F-9124-21290B4A5304,2008-12-25 00:00:00.000
113,NULL,Linda K Moschell,1552D700-1E1C-4725-8074-D8D7D9A49B0E,2008-12-18 00:00:00.000
114,NULL,Mindaugas J Krapauskas,7C623D80-0A62-42DE-A355-24715A7160C6,2009-01-06 00:00:00.000
115,NULL,Angela W Barbariol,8E6ADFD0-2FE0-4EB9-93F2-A04FD877F6DC,2009-01-13 00:00:00.000
116,NULL,Michael W Patten,C31D89BE-1DB6-495B-8699-4669E5FA4B9D,2009-01-24 00:00:00.000
117,NULL,Chad W Niswonger,1CAC3A75-34AB-45C1-B9F1-7CAA44C76A75,2009-02-11 00:00:00.000
118,NULL,Don L Hall,F369194E-2FF0-4E61-97A7-B821F8B2BAED,2009-02-06 00:00:00.000
119,NULL,Michael T Entin,7533C47D-8E8F-40AC-8383-CF3DF57E3D84,2009-02-18 00:00:00.000
120,NULL,Kitti H Lertpiriyasuwat,BFADC42C-0D0E-4BDA-94B7-B14E89F5FC69,2009-02-25 00:00:00.000
121,NULL,Pilar G Ackerman,81F50324-D0B5-4EA5-8B20-F99D46572C76,2008-12-26 00:00:00.000
122,NULL,Susan W Eaton,84C723AC-F07F-4299-89B1-FAABB9CA47FC,2008-11-30 00:00:00.000
123,NULL,Vamsi N Kuppa,37154EFE-002F-4D85-A84B-A8B1FF714BC6,2008-11-30 00:00:00.000
124,NULL,Kim T Ralls,7AB39816-FF5A-4F3D-A3DC-88D906EC054F,2008-12-19 00:00:00.000
125,NULL,Matthias T Berndt,318BF718-6CCC-4F26-AC81-00EAF17B1BFE,2009-01-13 00:00:00.000
126,NULL,Jimmy T Bischoff,52182904-CFAF-4B2D-8D77-268DE7AB5DA4,2009-02-19 00:00:00.000
127,NULL,David P Hamilton,D6532F6D-A832-4266-B0F0-2F874F5A85BA,2008-12-27 00:00:00.000
128,NULL,Paul B Komosinski,E4145F40-88D2-43F4-A018-9BFB38D6D9FF,2008-11-27 00:00:00.000
129,NULL,Gary W Yukish,09EA8640-ED99-4205-9433-078F1D81D221,2008-12-15 00:00:00.000
130,NULL,Rob T Caron,909F01EF-2F6D-44DD-AF8D-1553BED7EACF,2009-02-06 00:00:00.000
131,NULL,Baris F Cetinok,BA03C1A4-0577-44F5-BFBC-FC701C007F13,2009-02-08 00:00:00.000
132,NULL,Nicole B Holliday,F101C5EE-17B1-4FB0-9CAE-4A88694CEEAA,2009-02-15 00:00:00.000
133,NULL,Michael L Rothkugel,EE04F4CB-977A-48D0-ACB4-D89172FD5AE2,2009-01-03 00:00:00.000
134,NULL,Eric  Gubbels,4A9AC912-9E22-47B7-B126-5F3B576A430E,2009-01-07 00:00:00.000
135,NULL,Ivo William Salmre,DFA4B008-D83F-4828-AAC6-449E683909F5,2008-11-27 00:00:00.000
136,NULL,Sylvester A Valdez,6152BEC3-BB11-43AA-B691-9881CE6DD3F3,2009-12-04 00:00:00.000
137,NULL,Anibal T Sousa,9B75A538-958C-4C91-987A-B9BCCE683E8A,2009-02-16 00:00:00.000
138,NULL,Samantha H Smith,11EF6F0A-29B6-4541-82F0-2E7A35179E48,2009-01-28 00:00:00.000
139,Mr.,Hung-Fu T Ting,739C7553-13E5-4F36-86F6-4775645547AE,2009-12-30 00:00:00.000
140,NULL,Prasanna E Samarawickrama,E8673E92-31F6-42F4-A65C-A595D3F899F6,2010-01-15 00:00:00.000
141,NULL,Min G Su,3BB0243E-11E3-4E5C-8DB5-6B927C71432E,2010-01-17 00:00:00.000
142,NULL,Olinda C Turner,BF741CEC-34E0-4B44-99C2-E0382FCD9E8E,2010-02-25 00:00:00.000
143,NULL,Krishna  Sunkammurali,442C8270-1E84-47C5-A621-AF10CF1B3546,2010-02-06 00:00:00.000
144,NULL,Paul R Singh,BA4C0109-A2A4-4595-A357-38A64B643E3C,2009-01-10 00:00:00.000
145,NULL,Cynthia S Randall,F0C15AD6-4CFF-4931-A216-49B635596043,2009-01-20 00:00:00.000
146,NULL,Jian Shuo  Wang,009EBB72-9173-4AA9-920E-B578F3C927DE,2008-11-30 00:00:00.000
147,NULL,Sandra  Reátegui Alayo,B07FA8A6-A056-48AB-91F8-318C6C87B502,2008-12-19 00:00:00.000
148,NULL,Jason M Watters,00D61032-0D0E-41E3-8F37-B5987C8D5087,2009-01-07 00:00:00.000
149,NULL,Andy M Ruth,9CFDF60A-083A-44DC-AFE2-D578C76FD55A,2009-01-24 00:00:00.000
150,NULL,Michael T Vanderhyde,944AE1F8-E154-4752-9A24-8E8FE85156F3,2009-02-19 00:00:00.000
151,NULL,Rostislav E Shabalin,FAA146E7-5C07-4C47-8B66-DCDA9BE58D54,2009-02-12 00:00:00.000
152,NULL,Yuhong L Li,866472D1-65C3-4AA7-B15B-F75EF10CB7D8,2009-01-25 00:00:00.000
153,NULL,Hanying P Feng,DDAAE515-0A69-4750-B6EE-7AC6629F55B8,2008-12-09 00:00:00.000
154,NULL,Raymond K Sam,02717918-B884-41B9-87B3-A0F8C2939EC1,2008-12-16 00:00:00.000
155,NULL,Fadi K Fakhouri,3EF14439-76B4-4086-BE8D-0A03A6694425,2008-12-28 00:00:00.000
156,NULL,Lane M Sacksteder,8591375E-8ED1-49C8-89F3-52AED00C77F1,2009-01-04 00:00:00.000
157,NULL,Linda A Randall,EF38AC01-9C58-4CD0-AA39-D12DDA3C3E9C,2009-01-27 00:00:00.000
158,NULL,Shelley N Dyck,77B7F905-5028-491C-A1DC-80087AAC7817,2009-02-28 00:00:00.000
159,NULL,Terrence W Earls,15365ED2-53AC-4EC7-93BF-89ED5D903167,2009-02-09 00:00:00.000
160,NULL,Jeff V Hay,8C7296AB-73DA-4992-8200-833B2C625D50,2009-01-14 00:00:00.000
161,NULL,Kirk J Koenigsbauer,35A9A423-C54F-48C5-9527-CF1E93089D92,2008-12-08 00:00:00.000
162,NULL,Laura C Steele,5FF2682D-D7E7-48A3-9DEF-B60F0B8434FE,2008-12-27 00:00:00.000
163,NULL,Alex M Nayberg,08CA0103-CA0E-4B52-A20F-590BA3FECDA8,2009-02-01 00:00:00.000
164,NULL,Andrew M Cencini,B1D33171-636C-440C-B4F6-F5F6F1EBBC70,2009-02-27 00:00:00.000
165,NULL,Chris T Preston,9F2D6941-1DE5-4076-9817-7ECCF6C47D55,2009-01-15 00:00:00.000
166,NULL,Jack S Richins,8F9BCF96-29E1-4BED-9BF4-D8260AD0AF68,2009-02-14 00:00:00.000
167,NULL,David N Johnson,C2C7021B-3209-45F7-8560-B3132595F9DA,2008-11-25 00:00:00.000
168,NULL,Garrett R Young,DA309209-A597-4D54-B717-D984B38975D1,2008-11-30 00:00:00.000
169,NULL,Susan A Metters,D8414490-CA5B-4517-BBE9-7FBF4D696771,2008-12-07 00:00:00.000
170,NULL,George Z Li,E9E65DEB-797B-4B49-B41C-81F1DC593BB9,2008-12-14 00:00:00.000
171,NULL,David A Yalovsky,4C1F3E85-AEED-4A7D-A4FE-EEDFB750E45D,2008-12-26 00:00:00.000
172,NULL,Marc J Ingle,8A6062D5-1C3A-46BF-A080-F6CF6090E5F0,2009-01-09 00:00:00.000
173,NULL,Eugene R Zabokritski,1284B1A5-D53C-4BF9-9777-05108B207103,2009-01-14 00:00:00.000
174,NULL,Benjamin R Martin,4430A64D-3D5D-423E-81B9-6C4F9ED88AB7,2009-01-20 00:00:00.000
175,NULL,Reed T Koch,892F02CF-A623-4499-B850-1B46469B597E,2009-01-26 00:00:00.000
176,NULL,David Oliver Lawrence,0D4723B9-43E8-401D-BCBA-C7DCD8178B8C,2009-02-07 00:00:00.000
177,NULL,Russell M King,2F67DE81-C40E-4234-8942-C77806FABFA3,2009-02-14 00:00:00.000
178,NULL,John N Frum,CE13FF53-4465-4E3A-90DA-2FA0E8F19378,2009-02-24 00:00:00.000
179,NULL,Jan S Miksovsky,A0719EB6-7FC8-4DB8-A5DB-EA45A5BEF0E2,2009-02-26 00:00:00.000
180,NULL,Katie L McAskill-White,FE4EC240-D091-4E90-8F70-E9467FAC3A18,2009-02-13 00:00:00.000
181,NULL,Michael T Hines,B7004365-FDD8-4FCD-85FB-53A759447180,2008-12-02 00:00:00.000
182,NULL,Nitin S Mirchandani,4BEF5E3D-5C17-4B16-AAC9-8E3611A4FFE5,2008-12-21 00:00:00.000
183,NULL,Barbara S Decker,C175EA91-0A68-49DB-9827-B4528F77D630,2009-01-15 00:00:00.000
184,NULL,John Y Chen,5E6EC398-C951-44A2-BEC7-DC1CD17FAACC,2009-02-02 00:00:00.000
185,NULL,Stefen A Hesse,266FCE92-5534-4AC1-B68C-ECD8CEFFCEBC,2009-02-21 00:00:00.000
186,NULL,Shane S Kim,1432F3E8-7CCA-4C56-BDCB-02D5B0302BD9,2009-02-01 00:00:00.000
187,NULL,Yvonne S McKay,F3A901C1-4D9F-4666-8726-C2C51643A5D6,2008-12-02 00:00:00.000
188,NULL,Douglas B Hite,4CE168C6-28FF-454D-887E-8F96BB2FBA93,2008-12-20 00:00:00.000
189,NULL,Janeth M Esteves,A5A5A995-AD0A-4F50-847D-1CA048F11EE3,2009-01-08 00:00:00.000
190,NULL,Robert J Rounthwaite,FBF84B1A-3B42-40FE-8BF0-3094DCF25888,2009-01-26 00:00:00.000
191,NULL,Lionel C Penuchot,55B6EB95-61ED-4458-9BFB-F0560F001970,2009-02-19 00:00:00.000
192,NULL,Brenda M Diaz,056BBD40-CDF0-428D-B12D-9FFB0FF5FEAE,2009-02-26 00:00:00.000
193,NULL,Alejandro E McGuel,F38E101D-B360-4876-8E8F-07726E85AE5D,2008-11-29 00:00:00.000
194,NULL,Fred T Northup,E28C41D6-D9BA-455D-B91D-E3C9F7B535E2,2008-12-05 00:00:00.000
195,NULL,Kevin H Liu,14AFAE63-9C86-4E23-B82E-5AAD4DBD1963,2008-12-10 00:00:00.000
196,NULL,Shammi G Mohamed,923FDAEC-6DB1-42A7-9840-D9D335996596,2008-12-17 00:00:00.000
197,NULL,Rajesh M Patel,CCC3C607-1E9B-4E62-8064-0B89594472F3,2008-12-24 00:00:00.000
198,NULL,Lorraine O Nay,35495D48-03AF-492F-BEE5-FDA7B3E61970,2008-12-28 00:00:00.000
199,NULL,Paula R Nartker,D6FF616B-A950-48D2-8CC0-0E7F5A9ECDA0,2009-01-05 00:00:00.000
200,NULL,Frank T Lee,8025020E-4FF8-488B-99CA-74640E1F8DAE,2009-01-10 00:00:00.000
201,NULL,Brian T Lloyd,A3A2494B-F92D-473E-BFDA-FC3FE406E134,2009-01-22 00:00:00.000
202,NULL,Tawana G Nusbaum,63B57674-1205-41A1-A532-8E6C9F38E48D,2009-01-29 00:00:00.000
203,NULL,Ken L Myer,981FCDB7-9792-463D-BF1F-F1B4CED52473,2009-02-17 00:00:00.000
204,NULL,Gabe B Mares,0F0FA05E-E101-47E4-9BF7-1E0790B68E00,2009-03-01 00:00:00.000
205,NULL,Lori A Kane,6F059DF8-BB13-4CD0-ABE1-D3E6688CEDD1,2009-02-19 00:00:00.000
206,NULL,Stuart V Munson,CE75C8B6-EAC8-4B18-96FA-8182AD7233CD,2008-11-25 00:00:00.000
207,NULL,Greg F Alderson,F3A921DD-55EB-46EB-A94D-68F4B080A388,2008-11-25 00:00:00.000
208,NULL,Scott R Gode,1BECEC23-19F8-4B73-A404-12CCBCFAD66E,2009-01-01 00:00:00.000
209,NULL,Kathie E Flood,3BA601AE-2918-4936-9380-FD4C4F15DEA4,2009-01-20 00:00:00.000
210,NULL,Belinda M Newman,FA3467EB-B6EE-43A7-8BDD-15AFE14F2738,2009-02-13 00:00:00.000
211,NULL,Hazem E Abolrous,C2637051-25A5-4461-B06A-523119259430,2009-02-21 00:00:00.000
212,NULL,Peng J Wu,24B9C3C3-A06D-44FA-AA24-34DDD3ABF62C,2008-12-02 00:00:00.000
213,NULL,Sootha T Charncherngkha,C334506C-197B-4010-935E-AEE740818BC9,2010-02-16 00:00:00.000
214,NULL,Andreas T Berglund,4F896936-FBF8-4120-BC87-62CCF30D09DB,2009-01-26 00:00:00.000
215,NULL,Mark L Harrington,494202A4-EE2D-406B-974F-85B70FE0889B,2009-01-08 00:00:00.000
216,NULL,Sean P Alexander,AA6F6C92-C6B0-4C05-B3A3-90887A88DE0F,2008-12-21 00:00:00.000
217,NULL,Zainal T Arifin,989DB0AC-1E7B-4CC8-B90F-1799172ED3AA,2008-12-28 00:00:00.000
218,NULL,Tengiz N Kharatishvili,06CFED75-E8F0-4E81-871A-4368D9B9F73E,2008-12-09 00:00:00.000
219,NULL,Sean N Chai,93D0906B-B2D7-486F-BD14-9A126BE82AB6,2009-01-15 00:00:00.000
220,NULL,Karen R Berge,20B3CF90-BA00-4DBF-8026-A028742DC328,2009-02-02 00:00:00.000
221,NULL,Chris K Norred,B35192A9-15AC-4B64-9039-BB3F8566AF55,2009-02-27 00:00:00.000
222,NULL,A. Scott  Wright,90CC98B7-6054-4AB5-844E-3ECCB8A73070,2008-12-05 00:00:00.000
223,NULL,Sairaj L Uddin,4F2F3EEF-B0A5-44B9-ADD9-424C26A77BF9,2009-01-19 00:00:00.000
224,NULL,William S Vong,B42F3DDD-01D6-4701-91C0-2F6D9E8847C6,2008-12-31 00:00:00.000
225,NULL,Alan J Brewer,72331C0F-994F-4494-ABFC-AA129DA85635,2009-02-06 00:00:00.000
226,NULL,Brian P LaMee,3F4225C1-7833-43D7-A485-BDCEE84553BF,2009-02-24 00:00:00.000
227,NULL,Gary E. Altman,A131E984-DD98-4D19-91FF-9A9BB57CDA99,2009-11-25 00:00:00.000
228,NULL,Christian E Kleinerman,32852137-66C8-4BE4-B6CF-3C094534DA9B,2008-12-07 00:00:00.000
229,NULL,Lori K Penor,327A5C9F-3DFC-4775-8375-368A5A29FE16,2010-02-09 00:00:00.000
230,NULL,Stuart J Macrae,991FB7CC-704B-4EDE-9C8E-2615EB3F56BF,2010-02-26 00:00:00.000
231,NULL,Jo L Berry,196CBA72-3810-435A-9A52-57A5E276293B,2010-02-28 00:00:00.000
232,NULL,Pat H Coleman,D703625A-CFB0-4B32-BCF6-F58185E71A7C,2010-01-20 00:00:00.000
233,NULL,Magnus E Hedlund,615A2903-C6D2-4265-A8E6-471DEC449224,2009-12-14 00:00:00.000
234,NULL,Laura F Norman,4603A371-EE90-4D87-9C25-A13CE3F190A0,2009-01-24 00:00:00.000
235,NULL,Paula M Barreto de Mattos,8E952C09-C7C4-4D51-A8CB-36C44C949A0B,2008-11-29 00:00:00.000
236,NULL,Grant N Culbertson,242E654F-CFF1-495C-A408-1AAF2A8A0BA7,2009-02-18 00:00:00.000
237,NULL,Hao O Chen,11C53AD9-2D74-480F-8D83-6AA37B1F52E1,2009-01-30 00:00:00.000
238,NULL,Vidur X Luthra,E10218F6-99DE-462D-BDBD-28BDDEA8693A,2008-12-25 00:00:00.000
239,NULL,Mindy C Martin,B903A253-A5CB-4C38-AA41-BC77CBA65BB3,2008-12-18 00:00:00.000
240,NULL,Willis T Johnson,3B808CDB-0372-409A-AE40-C2177A7DB2B6,2008-12-06 00:00:00.000
241,NULL,David J Liu,F766DCB5-CAE1-4164-B313-D597EFB41C96,2009-01-23 00:00:00.000
242,NULL,Deborah E Poe,9236BDD4-DE3E-43BE-BB3C-22E377A2FFA6,2008-12-11 00:00:00.000
243,NULL,Candy L Spoon,303047DF-CC05-4C50-813F-BE67719AB00E,2008-12-30 00:00:00.000
244,NULL,Bryan A Walton,014BC84D-E05A-4A97-BD3E-CB21A3522DA5,2009-01-17 00:00:00.000
245,NULL,Barbara C Moreland,F2CC060C-A8CB-4A93-99E3-5B9D47F00F9C,2009-02-11 00:00:00.000
246,NULL,Dragan K Tomic,6CBF1558-FAF0-4A54-94E9-6AF835225872,2009-02-04 00:00:00.000
247,NULL,Janet L Sheperdigian,D24AFF04-1200-43DF-A211-F28F2A8E753F,2009-02-22 00:00:00.000
248,NULL,Mike K Seamans,AECB0EBA-B17A-41ED-AC2E-076EDA87F5E4,2009-03-01 00:00:00.000
249,NULL,Wendy Beth Kahn,A4F5869C-E86D-46BD-BAAC-1B4FAF4CD920,2008-12-18 00:00:00.000
250,NULL,Sheela H Word,73BEA116-6235-48CB-94A5-58FA56994640,2011-02-18 00:00:00.000
251,NULL,Mikael Q Sandberg,D4285D37-ED4C-4A8B-AEDE-D6DBD37CC76F,2009-02-03 00:00:00.000
252,NULL,Arvind B Rao,E70B4E15-AB90-483F-A417-D0A8E66D35FB,2009-02-21 00:00:00.000
253,NULL,Linda P Meisner,F78F14D7-8E98-4925-821C-BE69B7A2C4BA,2009-12-10 00:00:00.000
254,NULL,Fukiko J Ogisu,9F5E4E33-E097-483A-8B74-FA4D7E54EC56,2009-12-28 00:00:00.000
255,NULL,Gordon L Hee,67925187-A9C0-4F6A-A377-653FFD3C50DF,2010-01-04 00:00:00.000
256,NULL,Frank S Pellow,1FE09286-926C-4528-8D83-C0816F5F8521,2010-01-16 00:00:00.000
257,NULL,Eric S Kurjan,BE6ED8D4-3A9D-46BF-9348-DE0753E8CE81,2010-01-20 00:00:00.000
258,NULL,Erin M Hagens,09E5B805-A275-473F-8B8B-00673AEF252D,2010-01-24 00:00:00.000
259,NULL,Ben T Miller,AB1DEFC1-5B4A-4032-A787-8F4147B2E363,2010-03-02 00:00:00.000
260,NULL,Annette L Hill,D69499B6-7467-4D5D-A89D-F116E5752444,2010-11-29 00:00:00.000
261,NULL,Reinout N Hillmann,BA53CB03-00ED-4650-82F6-3680524AAB3F,2010-12-18 00:00:00.000
262,NULL,David M Barber,43BE0580-122B-4FDF-8B15-FD286A18E97A,2009-01-05 00:00:00.000
263,NULL,Jean E Trenary,0AA3878D-0F9F-4F2A-942F-8B46C9B57C0A,2008-12-04 00:00:00.000
264,NULL,Stephanie A Conroy,24757DC7-8E05-4DE0-920D-A1F4A60B30BA,2009-01-28 00:00:00.000
265,NULL,Ashvini R Sharma,252A5641-6B19-4347-830F-E659BFC76AEF,2008-11-27 00:00:00.000
266,NULL,Peter I Connelly,9D2546F7-7571-477D-AB76-532F0438EDDF,2009-02-16 00:00:00.000
267,NULL,Karen A Berg,F2D24899-80B9-44F7-9B3B-63ACDEF3B505,2009-02-09 00:00:00.000
268,NULL,Ramesh V Meyyappan,C69E8136-CBB5-48EB-84A0-59CE62920478,2009-01-27 00:00:00.000
269,NULL,Dan K Bacon,D9DA7900-703F-4CA6-92BD-5ED3A25C0455,2009-01-04 00:00:00.000
270,NULL,François P Ajenstat,83605AF8-6496-4362-BE19-20F2EC7114BA,2009-01-10 00:00:00.000
271,NULL,Dan B Wilson,9F637D98-7182-4F6A-B68B-1BA9F2ECCB4D,2009-01-15 00:00:00.000
272,NULL,Janaina Barreiro Gambaro Bueno,0204851C-3ECC-4968-8504-47706C350E3E,2008-12-16 00:00:00.000
273,Mr.,Brian S Welcker,0950A366-1EEE-4516-86E0-6F2F94CE1046,2011-02-08 00:00:00.000
274,NULL,Stephen Y Jiang,1F4062EC-0577-43DF-947A-EEE1E3D24C60,2010-12-28 00:00:00.000
275,NULL,Michael G Blythe,250C3F67-B75F-4B0D-9BE2-DEB5825C8EEB,2011-05-24 00:00:00.000
276,NULL,Linda C Mitchell,519A296E-CA91-450F-95C9-153459604147,2011-05-24 00:00:00.000
277,NULL,Jillian  Carson,3C407F7D-2EA1-4749-8856-8C8EECF23AEA,2011-05-24 00:00:00.000
278,NULL,Garrett R Vargas,6167A617-60E9-4212-9C40-BB471716776C,2011-05-24 00:00:00.000
279,NULL,Tsvi Michael Reiter,FCA35010-0144-4C4C-8245-D38E9FD4CCD2,2011-05-24 00:00:00.000
280,NULL,Pamela O Ansman-Wolfe,8C8F5D47-E3F4-4577-BE7E-BC224431CF2B,2011-05-24 00:00:00.000
281,NULL,Shu K Ito,CA87A053-6C5F-4F9B-8790-1D0AF332153A,2011-05-24 00:00:00.000
282,NULL,José Edvaldo Saraiva,120C84EB-8A22-4E1F-8C2B-FF5F144FDB7D,2011-05-24 00:00:00.000
283,NULL,David R Campbell,6F44C8D9-E3D0-482C-87DC-CCEB09060F31,2011-05-24 00:00:00.000
284,Mr.,Tete A Mensa-Annan,F5BED54C-DF64-402C-93BD-7CFD1F79DEEE,2012-09-23 00:00:00.000
285,Mr.,Syed E Abbas,FF284881-01C2-4C77-95A7-4DB96F59BB70,2013-03-07 00:00:00.000
286,NULL,Lynn N Tsoflias,EED57FDF-01BE-4770-A2AD-10F3349CF3DB,2013-05-23 00:00:00.000
287,NULL,Amy E Alberts,0CCB2270-1C40-4E7D-9A09-0B29A94DA8B6,2012-04-09 00:00:00.000
288,NULL,Rachel B Valdez,F28093ED-C889-43EB-BE88-37C9E147148C,2013-05-23 00:00:00.000
289,NULL,Jae B Pak,317764BC-A515-4C2B-9A82-8136B8EC538F,2012-05-23 00:00:00.000
290,NULL,Ranjit R Varkey Chudukatil,5F6547B3-A7A9-4B14-8895-4402150BD903,2012-05-23 00:00:00.000
291,Mr.,Gustavo  Achong,D4C132D3-FCB5-4231-9DD5-888A54BEC693,2015-04-15 16:33:33.060
293,Ms.,Catherine R. Abel,D54E0552-C226-4C22-AF3B-762CA854CDD3,2015-04-15 16:33:33.077
295,Ms.,Kim  Abercrombie,F7CBDB48-0B44-470E-9F37-7060446FBFB9,2015-04-15 16:33:33.077
297,Sr.,Humberto  Acevedo,5A41D336-84CF-44D7-B12B-83B64B511F7E,2015-04-15 16:33:33.090
299,Sra.,Pilar  Ackerman,DF1FB8AB-2323-4330-9AB8-54E13CE6D8F9,2015-04-15 16:33:33.090
301,Ms.,Frances B. Adams,66980082-C186-40AE-972A-74560E78C1AF,2015-04-15 16:33:33.090
303,Ms.,Margaret J. Smith,691818E1-FC19-445F-B161-E401867368E3,2015-04-15 16:33:33.107
305,Ms.,Carla J. Adams,5F183B92-1648-4948-8937-47C9C10F0583,2015-04-15 16:33:33.107
307,Mr.,Jay  Adams,38256645-4B88-4169-B68A-5B0118F18445,2015-04-15 16:33:33.123
309,Mr.,Ronald L. Adina,DBB05A55-2256-42B1-901E-824D28158911,2015-04-15 16:33:33.123
